onlineclient_id,cards_firstname,cards_lastname,cards_no,cards_ccv,cards_valid,cards_balance
1,Josefina,Leabeater,6480536559036496,313,8/12/2033,189532
2,Milka,Enbury,3374920674088875,294,4/21/2038,61387
3,Pattie,Brastead,1284676950640791,386,11/19/2033,155147
4,Vina,Housegoe,5678366854453795,284,5/2/2033,17595
5,Leese,Wormald,1535988504967015,373,8/18/2036,199645
6,Marnie,Emerine,9883923802923498,314,4/4/2037,83585
7,Rena,Pickworth,5637139168062895,252,5/4/2036,59551
8,Balduin,Lymbourne,6475337549830947,250,9/14/2028,300625
9,Selig,Janaszewski,7880790018429778,290,2/4/2036,19100
10,Garrot,Hinners,1469565541155717,307,5/1/2038,220773
11,Lynnelle,Fockes,1486979370247535,362,3/16/2030,304056
12,Burgess,Niesing,3133336245788209,372,5/30/2036,216854
13,Dalt,Doylend,3262658010355168,310,4/23/2037,37695
14,Padraic,Downes,8657389071175347,251,7/19/2029,298321
15,Dulci,McLagan,9612869175543939,319,8/16/2029,59927
16,Phillipe,Schottli,4719982255260698,361,1/12/2031,238682
17,Aubrey,Emmanuele,7761891652696451,387,10/3/2034,144959
18,Jessy,Farlham,6608781318176355,392,9/27/2034,295257
19,Jacob,Troppmann,3219457616726567,349,3/18/2033,200152
20,Jordanna,Balsom,9268555678980412,393,12/23/2033,71624
